insert into Company (name, founding_yr, parent_company) values 
('Nintendo', 1889, NULL),
('Game Freak', 1989, NULL),
('Take-Two Interactive', 1993, NULL),
('Rockstar Games', 1998, 'Take-Two Interactive'),
('Rockstar North', 1988, 'Rockstar Games'),
('Microsoft', 1975, NULL),
('2K Games', 2005, 'Take-Two Interactive'),
('MicroProse', 1982, NULL),
('FirAxis Games', 1996, 'Take-Two Interactive'),
('Hasbro', 1923, NULL),
('Hasbro Interactive', 1996, 'Hasbro'),
('Atari', 1983, NULL),
('Sony Group Corporation', 1946, NULL),
('Sony Interactive Entertainment', 2016, 'Sony Group Corporation'),
('Sony Computer Entertainment', 1993, 'Sony Group Corporation'),
('Keywords Studio', 1998, NULL),
('Tantalus Media', 1994, 'Keywords Studio'),
('HAL Laboratory', 1980, NULL),
('Retro Studios', 1998, 'Nintendo'),
('Square Enix Holdings Co., Ltd.', 2003, NULL),
('Square Enix', 2003, 'Square Enix Holdings Co., Ltd.'),
('Sega Sammy Holdings Inc.', 2004, NULL),
('Sega', 1960, 'Sega Sammy Holdings Inc.'),
('Santa Monica Studio', 1999, 'Sony Interactive Entertainment'),
('Bungie', 1991, NULL),
('Microsoft Game Studios', 2002, 'Microsoft');

insert into Game (gm_id, name, developer, publisher, rel_year) values 
(1, 'Pokemon Gold', 'Game Freak', 'Nintendo', 1999),
(2, 'Pokemon Silver', 'Game Freak', 'Nintendo', 1999),
(3, 'Grand Theft Auto: Vice City', 'Rockstar North', 'Rockstar Games', 2002),
(4, 'Grand Theft Auto: San Andreas', 'Rockstar North', 'Rockstar Games', 2004),
(5, 'Sid Meyer''s Civilization', 'MicroProse', 'MicroProse', 1991),
(6, 'Sid Meyer''s Civilization II', 'FirAxis Games', 'Hasbro Interactive', 1996),
(7, 'Sid Meyer''s Civilization III', 'FirAxis Games', 'Atari', 2001),
(8, 'Sid Meyer''s Civilization IV', 'FirAxis Games', '2K Games', 2010),
(9, 'Sid Meyer''s Civilization V', 'FirAxis Games', '2K Games', 2010),
(10, 'Sid Meyer''s Civilization VI', 'FirAxis Games', '2K Games', 2016),
(11, 'The Legend of Zelda: Breath of the Wild', 'Nintendo', 'Nintendo', 2017),
(12, 'The Legend of Zelda: Twilight Princess HD', 'Tantalus Media', 'Nintendo', 2016),
(13, 'Super Smash Bros. Melee', 'HAL Laboratory', 'Nintendo', 2001),
(14, 'Metroid Prime', 'Retro Studios', 'Nintendo', 2002),
(15, 'Super Mario Sunshine', 'Nintendo', 'Nintendo', 2002),
(16, 'Mario Kart: Double Dash', 'Nintendo', 'Nintendo', 2003),
(17, 'Crisis Core: Final Fantasy VII', 'Square Enix', 'Square Enix', 2007),
(18, 'Dissidia Final Fantasy', 'Square Enix', 'Square Enix', 2008),
(19, 'Metroid', 'Nintendo', 'Nintendo', 1986),
(20, 'Metroid II: Return of Samus', 'Nintendo', 'Nintendo', 1991),
(21, 'Sonic 1', 'Sega', 'Sega', 1991),
(22, 'Sonic 2', 'Sega', 'Sega', 1992),
(23, 'Sonic CD', 'Sega', 'Sega', 1993),
(24, 'Final Fantasy VIII', 'Square Enix', 'Square Enix', 1999),
(25, 'Final Fantasy IX', 'Square Enix', 'Square Enix', 2000),
(26, 'God of War III', 'Santa Monica Studio', 'Sony Computer Entertainment', 2010),
(27, 'God of War: Ascension', 'Santa Monica Studio', 'Sony Computer Entertainment', 2013),
(28, 'Halo: Combat Evolved', 'Bungie', 'Microsoft Game Studios', 2001),
(29, 'Halo 2', 'Bungie', 'Microsoft Game Studios', 2004);

insert into Genres (genreName, gameID) values 
('RPG', 1),
('Adventure', 1),
('Strategy', 1),
('Collectathon', 1),
('RPG', 2),
('Adventure', 2),
('Strategy', 2),
('Collectathon', 2),
('RPG', 3),
('Action-Adventure', 3),
('Action-Adventure', 4),
('RPG', 4),
('Turn-Based Strategy', 5),
('Turn-Based Strategy', 6),
('Turn-Based Strategy', 7),
('Turn-Based Strategy', 8),
('Turn-Based Strategy', 9),
('Turn-Based Strategy', 10),
('Action-Adventure', 11),
('RPG', 11),
('Action-Adventure', 12),
('RPG', 12),
('Fighting', 13),
('Action-Adventure', 14),
('FPS', 14),
('Platformer', 15),
('Racing', 16),
('RPG', 17),
('RPG', 18),
('Fighting', 18),
('Action-Adventure', 19),
('Action-Adventure', 20),
('Platformer', 21),
('Platformer', 22),
('Platformer', 23),
('RPG', 24),
('RPG', 25),
('Action-Adventure', 26),
('Hack and Slash', 26),
('Action-Adventure', 27),
('Hack and Slash', 27),
('FPS', 28),
('FPS', 29);

insert into Series (name, game) values
('Pokemon', 1),
('Pokemon', 2),
('Grand Theft Auto', 3),
('Grand Theft Auto', 4),
('Civilization', 5),
('Civilization', 6),
('Civilization', 7),
('Civilization', 8),
('Civilization', 9),
('Civilization', 10),
('Legend of Zelda', 11),
('Legend of Zelda', 12),
('Mario', 15),
('Mario', 16),
('Final Fantasy', 17),
('Final Fantasy', 18),
('Final Fantasy', 24),
('Final Fantasy', 25),
('Metriod', 14),
('Metriod', 19),
('Metriod', 20),
('Sonic', 21),
('Sonic', 22),
('Sonic', 23),
('Halo', 28),
('Halo', 29),
('God of War', 26),
('God of War', 27);

insert into Console (rel_yr, eol_yr, name, console_developer) values 
(1999, 2003, 'Game Boy Color', 'Nintendo'),
(2000, 2013, 'PlayStation 2', 'Sony Computer Entertainment'),
(2001, 2006, 'Xbox', 'Microsoft'),
(2017, NULL, 'Nintendo Switch', 'Nintendo'),
(2013, NULL, 'PlayStation 4', 'Sony Interactive Entertainment'),
(2013, 2020, 'Xbox One', 'Microsoft'),
(2012, 2017, 'Wii U', 'Nintendo'),
(NULL, NULL, 'PC', NULL),
(2001, 2007, 'GameCube', 'Nintendo'),
(2006, 2013, 'Wii', 'Nintendo'),
(2005, 2014, 'PlayStation Portable', 'Sony Computer Entertainment'),
(1985, 1995, 'NES', 'Nintendo'),
(1992, 1996, 'Sega CD', 'Sega'),
(1989, 1997, 'Sega Genesis', 'Sega'),
(1995, 1998, 'Sega Saturn', 'Sega'),
(1995, 2006, 'PlayStation', 'Sony Computer Entertainment'),
(2007, 2017, 'PlayStation 3', 'Sony Computer Entertainment');

insert into Emulator (id, name, emulated_console, int_rel, license, current_rel_ver, website) values
(1,'VisualBoy Advance', 'Game Boy Color', 2001, 'GNU General Public License', '2.1.11', 'https://visualboyadvance.org'),
--('VisualBoy Advance', 'Game Boy', 2001, 'GNU General Public License', '2.1.11', 'https://visualboyadvance.org'),
--('VisualBoy Advance', 'Game Boy Advance', 2001, 'GNU General Public License', '2.1.11', 'https://visualboyadvance.org'),
(2,'PCSX2', 'PlayStation 2', 2002, 'GNU General Public License version 3 (GPL-3.0)', 'PSCX2 2.0', 'https://pcsx2.net/'),
(3,'DOSBox', 'PC', 2002, 'GNU General Public License version 2 (GPL-2.0)', 'DOSBox 0.74-3', 'https://www.dosbox.com/'),
(4,'CEMU', 'Wii U', 2015, 'Proprietary License', '1.27.0', 'https://cemu.info/'),
--('CEMU', 'PC', 2015, 'Proprietary License', '1.27.0', 'https://cemu.info/'), --there already is an emulator for PC in the table here, so we couold lose this tuple without affecting the project
(5,'Dolphin', 'GameCube', 2003, 'GNU General Public License version 2 (GPL-2.0)', '5', 'https://dolphin-emu.org/'),
(6,'Dolphin', 'Wii', 2003, 'GNU General Public License version 2 (GPL-2.0)', '5', 'https://dolphin-emu.org/'),
(7,'PPSSPP', 'PlayStation Portable', 2012, 'GNU General Public License version 2 (GPL-2.0)', '1.15.4', 'https://www.ppsspp.org/'),
(8,'Nestopia', 'NES', 2000, 'GNU General Public License version 2 (GPL-2.0)', '1.51', 'https://nestopia.sourceforge.net/'),
(9,'Kega Fusion', 'Sega Genesis', 1998, 'Freeware', '3.64', 'https://kega-fusion.com/'),
(10,'Kega Fusion', 'Sega CD', 1998, 'Freeware', '3.64', 'https://kega-fusion.com/'),
(11,'Kega Fusion', 'Sega Saturn', 1998, 'Freeware', '3.64', 'https://kega-fusion.com/'),
(12,'ePSXe', 'PlayStation', 2000, 'Freeware', '2.0.5', 'https://www.epsxe.com/'),
(13,'RPCS3', 'PlayStation 3', 2011, 'GNU General Public License version 2 (GPL-2.0)', '0.0.33-17042', 'https://rpcs3.net/download'),
(14,'Xemu', 'Xbox', 2021, 'GNU General Public License version 2 (GPL-2.0)', '0.7.132', 'https://xemu.app/');

insert into Playable_on_Console (console, gameID) values 
('Game Boy Color', 1),
('Game Boy Color', 2),
('PlayStation 2', 3),
('PlayStation 2', 4),
('Xbox', 3),
('Xbox', 4),
('PC', 5),
('PC', 6),
('PC', 7),
('PC', 8),
('PC', 5),
('PC', 10),
('Nintendo Switch', 10),
('PlayStation 4', 10),
('Xbox One', 10),
('Wii U', 11),
('Wii U', 12),
('Nintendo Switch', 11),
('GameCube', 13),
('GameCube', 14),
('GameCube', 15),
('GameCube', 16),
('PlayStation Portable', 17),
('PlayStation Portable', 18),
('NES', 19),
('NES', 20),
('Sega Genesis', 21),
('Sega Genesis', 22),
('Sega CD', 23),
('PlayStation', 24),
('PlayStation', 25),
('PlayStation 3', 26),
('PlayStation 3', 27),
('Xbox', 28),
('Xbox', 29);

insert into Playable_on_Emulator (emulator, gameID) values
(1, 1),
(1, 2),
(2, 3),
(2, 4),
(3, 5),
(3, 6),
(4, 11),
(4, 12),
(5, 13),
(5, 14),
(5, 15),
(5, 16),
(6, 13),
(6, 14),
(6, 15),
(6, 16),
(7, 17),
(7, 18),
(8, 19),
(8, 20),
(9, 21),
(9, 22),
(9, 23),
(10, 21),
(10, 22),
(10, 23),
(11, 21),
(11, 22),
(11, 23),
(12, 24),
(12, 25),
(13, 26),
(13, 27),
(14, 28),
(14, 29);
